"index","artist","album","genre","type"
0,"18 South","Soulful Southern Roots Music","Rock","Download"
1,"_ & The Mysterians","Cameo Parkway_ The Best of _ & the Mysterians, 1966-1967","Rock","Download"
2,"A Fielder Boston Pops","The Blue Danube","Classic","Download"
3,"ADELE","Rumour Has It - Single","Rock","Download"
4,"Aerosmith","Get a Grip","Rock","Download"
5,"Aerosmith","Gold","Rock","Download"
6,"Aerosmith","Gold_ Aerosmith","Rock","Download"
7,"Aerosmith","My Aerosmith Compilation","Rock","Download"
8,"Al DiMeola","Gypsy Soul_ New Flamenco","Pop","CD"
9,"Alabama","Alabama Greatest Hits","Rock","Download"
10,"Alex Hargreaves","Prelude","Pop","Download"
11,"Alexander","Alexander","Rock","Download"
12,"Alfred Hause And His Vienna Waltz Country Ballroom Orchestra","The Blue Danube Waltz","Classic","Download"
13,"Alice Cooper","Alice Cooper's Greatest Hits","Rock","Download"
14,"Alison Krauss","A Hundred Miles or More - A Collection","Country","Download"
15,"Alison Krauss & Union Station","New Favorite","Country","Download"
16,"Aloe Blacc","I Need a Dollar (How to Make It In America) - EP","Rock","Download"
17,"Alvin Lee","In Tennessee","Rock","Download"
18,"Alvin Lee & Ten Years Later","In Flight","Rock","Download"
19,"Alvin Lee & Ten Years Later","Keep on Rockin'","Rock","Download"
20,"Alvin Lee & Ten Years Later","Live at Rockpalast (Remastered)","Rock","Download"
21,"Alvin Lee & Ten Years Later","Live In Vienna","Rock","Download"
22,"Alvin Lee & Ten Years Later","On The Road To Freedom Alvin Lee & Mylon LeFevre","Rock","Vinyl"
23,"Alvin Lee & Ten Years Later","Rocket Fuel","Rock","Vinyl"
24,"Alvin Lee & Ten Years Later","Still On the Road To Freedom","Rock","Download"
25,"America","America_ The Complete Greatest Hits","Rock","Download"
26,"America","History_ America's Greatest Hits","Rock","Download"
27,"America","The Warner Bros. Years 1971-1977","Rock","Download"
28,"Andre Kostelanetz and his orchestra","Strauss Waltzes","Rock","Download"
29,"Tim O'Brien","Songs from the Mountain","Blue Grass","CD"
30,"Angèle Dubeau & La Pietà","Infernal Violins","Classic","Download"
31,"Antonio Vivaldi","Antonio Vivaldi","Classic","Vinyl"
32,"Antony & The Johnsons","I'm Not There [Disc 2]","Folk","CD"
33,"Arcade Fire","The Suburbs","Rock","Download"
34,"Aretha Franklin","Greatest Hits (1980-1994)","Soul","CD"
35,"Arlo Guthrie","Alice's Restaurant","Folk","Vinyl"
36,"Arlo Guthrie","Running Down The Road","Folk","Vinyl"
37,"Armik","Gypsy Soul_ New Flamenco","Pop","CD"
38,"Armik","Serenata","Pop","Download"
39,"Asleep At the Wheel","Asleep At the Wheel (Live)","TexMex","Download"
40,"Asleep At the Wheel","The Very Best of Asleep At the Wheel (Re-Recorded Versions)","TexMex","Download"
41,"Assassin","Infiltration","Pop","Download"
42,"Average White Band","Person to Person (Live)","Rock","Download"
43,"Bachman-Turner Overdrive","Not Fragile","Rock","Vinyl"
44,"Bachman-Turner Overdrive","The Definitive Collection Bachman-Turner Overdrive","Rock","Download"
45,"Bad Company","In Concert - Merchants of Cool","Rock","Download"
46,"Badfinger","20 Best of Rockin' 70's (Original Artist Re-Recording)","Rock","Download"
47,"Badfinger","Brit Rock","Rock","Download"
48,"Badfinger","Classic Soft Rock","Rock","Download"
49,"Badfinger","No Matter What You Are (Re-Recorded Version)","Rock","Download"
50,"Badfinger","The Departed","Folk","CD"
51,"Barry McGuire","Eve Of Destruction","Folk","CD"
52,"Beady Eye","The Roller - Single","Pop","Download"
53,"Bee Gees","Best Of The BeeGees","Folk","Vinyl"
54,"Bee Gees","Main Course","Rock","Vinyl"
55,"Bee Gees","Mr. Natural","Rock","Vinyl"
56,"Bee Gees","Number Ones","Rock","Download"
57,"Ben E. King","The Very Best of Ben E. King","Rock","Download"
58,"Ben Harper","Rock 'N' Roll Is Free - Single","Rock","Download"
59,"Benedetti & Svoboda","Gypsy Soul_ New Flamenco","Pop","CD"
60,"Big Brother & the Holding Company_Janis Joplin","Janis Joplin's Greatest Hits [10 Tracks]","Rock","CD"
61,"Bill Haley & His Comets","20th Century Masters - The Millennium Collection_ Best of Bill Haley & His Comets","RockaBilly","Download"
62,"Bill Perry","Fire It Up","Rock","Download"
63,"Bill Withers","Bill Withers' Greatest Hits","Rock","Download"
64,"Billy Holliday","Best Of Billy Holliday","Jazz","Vinyl"
65,"Billy Joel","52nd Street","Rock","Vinyl"
66,"Billy Lee Riley","Red Hot","RockaBilly","Download"
67,"Bing Crosby","All-Time Christmas Favorites, Vol. 1","Holiday","Download"
68,"Blood Sweat & Tears","Blood Sweat & Tears 3","Rock","Vinyl"
69,"Blood Sweat & Tears","New Blood","Rock","Vinyl"
70,"Blood Sweat & Tears","No Sweat","Rock","Vinyl"
71,"Blue Swede","Hooked On a Feeling - Single","Rock","Download"
72,"Blues Image","Rhino Hi-Five_ Blues Image - EP","Rock","Download"
73,"Bob Dylan","Bob Dylan","Folk","Vinyl"
74,"Bob Dylan","Love And Theft","Folk","CD"
75,"Bob Dylan","Masked And Anonymous","Folk","CD"
76,"Bob Dylan","Modern Times","Folk","Download"
77,"Bob Dylan","Nashville Skyline","Folk","Vinyl"
78,"Bob Dylan","Planet Waves","Folk","Vinyl"
79,"Bob Dylan","Slow Train Coming [Remastered]","Folk","CD"
80,"Bob Dylan","Time Out Of Mind","Folk","CD"
81,"Bob Dylan","Time They Are A-Changin","Folk","Vinyl"
82,"Bob Dylan","World Gone Wrong","Folk","CD"
83,"Bob Dylan & The Band","I'm Not There [Disc 2]","Folk","CD"
84,"Bob Forrest","I'm Not There [Disc 2]","Folk","CD"
85,"Bob Forrest","Modern Folk and Blues Wednesday","Folk","Download"
86,"Bob Marley","Legend (Remastered)","Regae","Download"
87,"Bob Marley & The Wailers","Legend (Remastered)","Regae","Download"
88,"Bob Seger","Bob Seger Greatest Hits","Rock","CD"
89,"Bobby Darin","Mack the Knife","Rock","CD"
90,"Bobby Darin","Rock Masters_ Bobby Rydell","Rock","Download"
91,"Bobby Rydell","Rock Masters_ Bobby Rydell","Rock","Download"
92,"Bon Jovi","Slippery When Wet","Rock","Download"
93,"Booker T. & The MG's","The Best of Booker T & The MGs","Rock","Download"
94,"Booker T. Jones","Just a Friend [feat. Biz Markie, Matt Berninger, and Sharon Jones] - Single","Rock","Download"
95,"Boston","Boston_ Greatest Hits","Rock","Download"
96,"Boxcar Willie","The Definitive Collection of Boxcar Willie (Live)","Country","Download"
97,"Boz Scaggs","Boz Scaggs Cuts","Rock","Vinyl"
98,"Boz Scaggs","Bozz Scaggs Hits","Rock","Vinyl"
99,"Branford Marsalis","Renaissance","Jazz","Vinyl"
100,"Branford Marsalis","Romances For Saxophone","Jazz","Download"
101,"Branford Marsalis & Orpheus Chamber Orchestra","Creation","Jazz","Download"
102,"Brecker Bothers","Brecker Bothers","Jazz","Vinyl"
103,"Brecker Bothers","Dont Stop The Music","Jazz","Vinyl"
104,"Brecker Bothers","The Brecker Bothers","Jazz","Vinyl"
105,"Brecker Bothers","The Brecker Bros","Jazz","Vinyl"
106,"Brecker Bothers","The Brecker Bros_","Jazz","Vinyl"
107,"Brecker Bothers","The Brecker Brothers","Jazz","Vinyl"
108,"Brecker Bothers Band","Back To Back","Jazz","Vinyl"
109,"Brecker Bothers Band","The Brecker Bros","Jazz","Vinyl"
110,"Brecker Brothers","Back To Back","Jazz","Vinyl"
111,"Brecker Brothers","Dont Stop The Music","Jazz","Vinyl"
112,"Brecker Brothers","The Brecker Brothers","Jazz","Vinyl"
113,"Brecker Brothers Band","Brecker Bothers","Jazz","Vinyl"
114,"Brecker Brothers Band","Dont Stop The Music","Jazz","Vinyl"
115,"Brecker Brothers Band","The Brecker Bros_","Jazz","Vinyl"
116,"Brecker Brothers Band","The Brecker Brothers","Jazz","Vinyl"
117,"Brenda Lee","The Definitive Collection Brenda Lee","Country","CD"
118,"Brewer & Shipley","One Toke Over the Line","Rock","Download"
119,"Bruce Springsteen","Born In The USA","Rock","Vinyl"
120,"Bruce Springsteen","Born To Run","Rock","Vinyl"
121,"Bruce Springsteen","Nebraska","Rock","CD"
122,"Bruce Springsteen","Working On A Dream","Rock","Download"
123,"Buddy Holly","The Buddy Holly Collection","RockaBilly","Download"
124,"Buddy Tate","Jumping On the West Coast","Jazz","Download"
125,"Buffalo Springfield","Retrospective_ The Best of Buffalo Springfield","Rock","CD"
126,"Calexico & Charlotte Gainsbourg","I'm Not There [Disc 2]","Folk","CD"
127,"Canned Heat","The Best of Canned Heat","Rock","Download"
128,"Carl Perkins","Rock 'N' Roll Legend_ Carl Perkins","RockaBilly","Download"
129,"Carole King","Tapestry","Rock","CD"
130,"Cat Power","I'm Not There [Disc 1]","Folk","CD"
131,"Cat Stevens","Cat Stevens_ Greatest Hits","Rock","Download"
132,"Celtic Christmas","Celtic Christmas","Rock","CD"
133,"Chad & Jeremy","60's Jukebox Hits - Vol. 3","Rock","Download"
134,"Chad & Jeremy","The Sunshine Collection","Rock","Download"
135,"Chanel Campbell","The Music Inside - A Collaboration Dedicated to Waylon Jennings, Vol. 1","Country","CD"
136,"Charles Dutoit, Kyung Wha Chung & Philharmonia Orchestra","Saint-Saëns_ Danse Macabre","Rock","Download"
137,"Charlie Daniels Band","Charlie Daniels Band A Decade Of Hits","Rock","Download"
138,"Charlie Daniels Band","Nightrider","Country","Vinyl"
139,"Charlie Rich","Best of Charlie Rich","Country","Vinyl"
140,"Charlie Rich","Every Time You Touch Me","Country","Vinyl"
141,"Cheap Trick","In Color [Bonus Tracks]","Rock","CD"
142,"Chet Atkins and Hank Snow","Reminiscing","Country","Vinyl"
143,"Chicago","Chicago","Rock","Vinyl"
144,"Chicago","Chicago Transit Authority (Remastered)","Rock","Download"
145,"Chick Corea","Expressions","Jazz","CD"
146,"Chuck Berry","The Best of Chuck Berry","Rock","Vinyl"
147,"Chuscales","Gypsy Soul_ New Flamenco","Pop","CD"
148,"Citizen Cope","Every Waking Moment","Rock","CD"
149,"City and Colour","Fragile Bird - Single","Rock","Download"
150,"Clarence Gatermouth Brown","Black Jack","Rock","Download"
151,"Clarence Gatermouth Brown","Blackjack","Rock","Download"
152,"Clarence Gatermouth Brown","Clarence Gatermouth Brown","Rock","Download"
153,"Classics IV","20th Century Rocks_ 60's Rock Bands - Wild Thing (Re-Recorded Versions)","Rock","Download"
154,"Cody Bryant and The Riders Of The Purple Sage","Best of the West","Country","CD"
155,"Cold War Kids","Mine Is Yours (Deluxe Version)","Pop","Download"
156,"Colt Ford","The Music Inside_ A Collaboration Dedicated To Waylon Jennings, Volume II","Country","CD"
157,"Commander Cody & His Lost Planet Airmen","Commander Cody & His Lost Planet Airmen","Rock","Download"
158,"Commander Cody & His Lost Planet Airmen","Lost in the Ozone","Rock","Download"
159,"Cream","Cream","Rock","Download"
160,"Cream","Fresh Cream","Rock","Vinyl"
161,"Cream","The Cream Of Clapton","Rock","CD"
162,"Cream","The Very Best of Cream","Rock","Download"
163,"Creedence Clearwater Revival","Chronicle_ 20 Greatest Hits (24-Karat Gold Disc)","Rock","Vinyl"
164,"Creedence Clearwater Revival","Creedence Gold","Rock","Download"
165,"Crooked Still","Shaken By A Low Sound","BlueGrass","CD"
166,"Crosby, Stills, Nash & Young","4 Way Street (Live)","Rock","Download"
167,"Crosby, Stills, Nash & Young","Crosby, Stills & Nash","Rock","CD"
168,"Dale Hawkins","Suzie Q & Let's All Twist","RockaBilly","Download"
169,"Darius Brubeck","Chaplin's back","Jazz","Vinyl"
170,"Dave Brubeck","New Wine","Jazz","CD"
171,"Dave Brubeck Quartet","Back Home","Jazz","Vinyl"
172,"Dave Brubeck Quartet","Take Five","Jazz","Vinyl"
173,"Dave Edmunds","Rockpile","Rock","Download"
174,"Dave Mason","Alone Together","Rock","Tape"
175,"Dave Mason","Long Lost Friend - The Best of Dave Mason","Rock","Download"
176,"Dave Mason","Split Coconut","Rock","Download"
177,"David Allan Coe","20 All-Time Greatest Hits","Rock","Download"
178,"David Bowie","Best of Bowie","Rock","Download"
179,"David Bromberg Band","Midnight On the Water David Bromberg Band","Rock","Download"
180,"Death Cab for Cutie","Underneath the Sycamore - Single","Pop","Download"
181,"Deep Purple","Machine Head","Rock","Download"
182,"Del Shannon","Little Town Flirt","Rock","Download"
183,"Della Mae","This World Oft Can Be","BlueGrass","Download"
184,"Derek & The Dominos","The Cream Of Clapton","Rock","CD"
185,"Desmond Dekker","Desmond Dekker_ Israelites - The Best of Desmond Dekker","Regae","Download"
186,"Devin Duval","Audition Tape","Jazz","CD"
187,"Devin Duval","Fordham Session","Jazz","CD"
188,"Devin Duval","Senior Recital","Jazz","CD"
189,"Devin Duval","Unknown Album (7_14_2008 9_22_53 PM)","Jazz","CD"
190,"Diego Garcia","You Were Never There - Single","Pop","Download"
191,"Dierks Bentley","The Music Inside_ A Collaboration Dedicated To Waylon Jennings, Volume II","Country","CD"
192,"Dierks Bentley","Up On the Ridge","Country","Download"
193,"Dire Straits","Brothers in Arms","Rock","CD"
194,"Dire Straits","Making Movies","Rock","Vinyl"
195,"Dire Straits","Sultans of Swing - The Very Best of Dire Straits","Rock","Download"
196,"Dixie Chicks","Taking The Long Way","Country","CD"
197,"Dolly Parton","Travelin' Thru - Single","Country","Download"
198,"Don McLean","American Pie","Rock","Download"
199,"Don McLean","Rearview Mirror","Rock","Download"
200,"Donovan","Sunshine Superman","Rock","Download"
201,"Doobie Brothers","Best Of Doobies","Rock","Vinyl"
202,"Doobie Brothers","Cycles","Rock","Vinyl"
203,"Doobie Brothers","One Step Closer","Rock","Vinyl"
204,"Doobie Brothers","Stampede","Rock","Vinyl"
205,"Doobie Brothers","The Captain And Me","Rock","Vinyl"
206,"Doobie Brothers","What Were Vices Are Now Habits","Rock","Vinyl"
207,"Doobie Brothers","World Gone Crazy","Rock","Vinyl"
208,"Dr. John","Goin' Back To New Orleans","Rock","CD"
209,"Dropkick Murphys","Blackout","Rock","Download"
210,"Dropkick Murphys","Do or Die","Rock","Download"
211,"Dropkick Murphys","Dropkick Murphys _ the Business Split Release_ Mob Mentality","Rock","Download"
212,"Dropkick Murphys","Dropkick Murphys_ The Singles Collection, Vol. 1 - 1996-1997","Rock","Download"
213,"Dropkick Murphys","Live On St.Patrick's Day","Rock","Download"
214,"Dropkick Murphys","Sing Loud, Sing Proud!","Rock","Download"
215,"Dropkick Murphys","Tessie - EP","Rock","Download"
216,"Dropkick Murphys","The Departed","Folk","CD"
217,"Dropkick Murphys","The Gang's All Here","Rock","Download"
218,"Dropkick Murphys","The Meanest of Times (Deluxe Edition)","Rock","Download"
219,"Dropkick Murphys","The Singles Collection, Vol. 2","Rock","Download"
220,"Dropkick Murphys","The Warrior's Code","Rock","Download"
221,"Duke Ellington","West Coast Swing","Jazz","Download"
222,"Dvorak","Dvorak's Greatest Hits","Classic","Vinyl"
223,"Eddie Vedder","Longing to Belong - Single","Rock","Download"
224,"Eddie Vedder & The Million Dollar Bashers","I'm Not There [Disc 1]","Folk","CD"
225,"Eilen Jewell","Letters from Sinners & Strangers","Country","Download"
226,"Eldorado","Suitcase","TexMex","Download"
227,"Electric Light Orchestra","Discovery","Rock","Vinyl"
228,"Electric Light Orchestra","Eldorado","Rock","Vinyl"
229,"Electric Light Orchestra","Face The Music","Rock","Vinyl"
230,"Electric Light Orchestra","Out Of The Blue","Rock","CD"
231,"Elton John","Don't Shoot Me I'm Only the Piano Player","Rock","CD"
232,"Elton John","Elton John_ Greatest Hits","Rock","Download"
233,"Elton John","Elton John_ The Greatest Hits 1970-2002","Rock","Download"
234,"Elton John","The Captain & The Kid","Rock","Download"
235,"Elvis Presley","Elvis's Christmas Album","Holiday","Vinyl"
236,"Elvis Presley","The Essential Elvis Presley (Remastered)","Rock","Download"
237,"Emmylou Harris","All I Intended To Be","Country","CD"
238,"Emmylou Harris","Elite Hotel","Country","Vinyl"
239,"Emmylou Harris","Heartaches & Highways_ The Very Best of Emmylou Harris","Country","CD"
240,"Emmylou Harris","Light of the Stable","Country","CD"
241,"Emmylou Harris","Red Dirt Girl","Country","CD"
242,"Emmylou Harris","Singin' With Emmylou Volume 1 (P) 2000","Country","CD"
243,"Emmylou Harris","Wrecking Ball","Country","CD"
244,"Eric Burdon & The Animals","Easy Rider (Soundtrack from the Motion Picture) [Deluxe Edition]","Rock","Download"
245,"Eric Clapton","The Cream Of Clapton","Rock","CD"
246,"Eric Clapton","Unplugged","Rock","CD"
247,"Eric Clapton & B.B. King","Riding With The King","Rock","CD"
248,"Eric Clapton, Jeff Beck & The Yardbirds","The Ultimate Collection (Disc 2)","Rock","Download"
249,"Fleet Foxes","Helplessness Blues","Pop","Download"
250,"Fleetwood Mac","Fleetwood Mac Hits","Rock","Download"
251,"Fleetwood Mac","Peter Green's Fleetwood Mac (Remastered)","Rock","Download"
252,"Fleetwood Mac","Rumours","Rock","Vinyl"
253,"Fleetwood Mac","The Vaudeville Years of Fleetwood Mac - 1968-1970","Rock","Download"
254,"Foghat","Fool for the City","Rock","Download"
255,"Foy Willing & The Riders Of The Purple Sage","Cool Cool Water","Country","Download"
256,"Foy Willing & The Riders Of The Purple Sage","Tumbling Tumbleweeds (10 Timeless Western Songs)","Country","Download"
257,"Francesco de Gregori","Masked And Anonymous","Folk","CD"
258,"Frank Sinatra","Reprise Collection [Disc 4]","Pop","CD"
259,"Frank Sinatra","The Reprise Collection [Disc 1]","Pop","CD"
260,"Frank Sinatra","The Reprise Collection [Disc 2]","Pop","CD"
261,"Frank Sinatra","The Reprise Collection [Disc 3]","Pop","CD"
262,"Freddie Notes & The Rudies","Montego Bay","Regae","Download"
263,"Freddy Fender","Golden Legends_ Freddy Fender Live","TexMex","Download"
264,"Gary Burton, Steve Swallow, Roy Haynes, Tiger Okoshi","Times Square","Jazz","Download"
265,"Gary Lewis & The Playboys","20th Century Rocks_ 60's Rock Bands - Wild Thing (Re-Recorded Versions)","Rock","Download"
266,"Gary Puckett & The Union Gap","20th Century Rocks_ 60's Rock Bands - Wild Thing (Re-Recorded Versions)","Rock","Download"
267,"Generationals","Trust - EP","Pop","Download"
268,"George Harrison","4_ John Paul George Ringo - EP","Rock","Download"
269,"George Harrison","Let It Roll - Songs of George Harrison (Remastered)","Rock","Download"
270,"Gerry Rafferty","City to City","Rock","Download"
271,"Gillian Welch","Hard Times","Pop","Download"
272,"Glasser","Ring (Bonus Track Edition)","Rock","Download"
273,"Glen Campbell & Rita Coolidge","Delta Lady_ The Rita Coolidge Anthology [Disc 2]","Country","CD"
274,"Glen Hansard & Markéta Irglová","I'm Not There [Disc 2]","Folk","CD"
275,"Golden Earring","Moontan","Rock","Download"
276,"Gordon Lightfoot","Gord's Gold","Rock","Vinyl"
277,"Gordon Lightfoot","Summertime Dream","Rock","Download"
278,"Grand Funk Railroad","Grand Funk Railroad Greatest Hits","Rock","Download"
279,"Gregg Allman","Just Another Rider","Rock","Download"
280,"Guns N' Roses","Greatest Hits Guns N' Roses","Rock","Download"
281,"Hair","Hair","Rock","Vinyl"
282,"Hair Musical","Hair","Rock","Vinyl"
283,"Hank Williams","24 of Hank Williams' Greatest Hits","Rock","Download"
284,"Hank Williams, Jr_","The Music Inside - A Collaboration Dedicated to Waylon Jennings, Vol. 1","Country","CD"
285,"Hank Williams, Jr_","The Music Inside_ A Collaboration Dedicated To Waylon Jennings, Volume II","Country","CD"
286,"Harry Belafonte","This Is Harry Belafonte","Rock","Vinyl"
287,"Harry Nilsson","Nilsson Schmilsson (Remastered)","Rock","Download"
288,"Harry Nilsson","Personal Best - The Harry Nilsson Anthology","Rock","Download"
289,"Heart","Heart_ Greatest Hits","Rock","Download"
290,"Herbie Hancock","Future 2 Future","Rock","CD"
291,"Hot Tuna","Hot Tuna","Rock","Vinyl"
292,"Howard Shore","The Departed","Folk","CD"
293,"Humble Pie","Town and Country (Bonus Track Version)","Rock","Download"
294,"Ike and Tina Turner","What You Hear Is What You Get","Rock","Vinyl"
295,"Infamous Stringdusters","Fork in the Road","BlueGrass","Download"
296,"Iron & Wine","Tree By The River - Single","Pop","Download"
297,"Iron & Wine With Calexico","I'm Not There [Disc 1]","Folk","CD"
298,"Iron Butterfly","In-A-Gadda-Da-Vida","Rock","CD"
299,"Iron Butterfly & Vanilla Fudge","Iron Butterfly Hits","Rock","Download"
300,"Jack Ingram","The Music Inside_ A Collaboration Dedicated To Waylon Jennings, Volume II","Country","CD"
301,"Jack Johnson","I'm Not There [Disc 2]","Folk","CD"
302,"Jackson Browne","The Very Best of Jackson Browne [Disc 1]","Rock","Download"
303,"Jackson Browne","The Very Best Of Jackson Browne [Disc 2]","Rock","Download"
304,"James Gang","16 Greatest Hits","Rock","Vinyl"
305,"James Gang","James Gang_ Greatest Hits","Rock","Download"
306,"James Otto","The Music Inside - A Collaboration Dedicated to Waylon Jennings, Vol. 1","Country","CD"
307,"Jamey Johnson","The Music Inside - A Collaboration Dedicated to Waylon Jennings, Vol. 1","Country","CD"
308,"Jan & Dean","The Best of Jan & Dean (Re-recorded Version)","Rock","Download"
309,"Jan & Dean","The Best of Jan & Dean (Re-Recorded Versions)","Rock","Download"
310,"Janis Joplin","Pearl","Rock","Download"
311,"Janis Joplin","Super Hits Janis Joplin","Rock","CD"
312,"Jeff Beck","Wired","Jazz","Download"
313,"Jeff Tweedy","I'm Not There [Disc 1]","Folk","CD"
314,"Jefferson Airplane","Surrealistic Pillow","Rock","Vinyl"
315,"Jeremy Camp","Beyond Measure (Special Edition)","Pop","Download"
316,"Jeremy Camp","Restored","Pop","Download"
317,"Jerry Garcia","Masked And Anonymous","Folk","CD"
318,"Jerry Gonzalez & The Fort Apache Band","Rumba Para Monk","Rock","Download"
319,"Jerry Jeff Walker","20th Century Masters - The Millennium Collection_ The Best of Jerry Jeff Walker","Rock","Download"
320,"Jerry Lee Lewis","I Am What I Am","RockaBilly","Download"
321,"Jerry Lee Lewis","Jerry Lee's Greatest","RockaBilly","Download"
322,"Jesse Cook","Gypsy Soul_ New Flamenco","Pop","CD"
323,"Jesse Thomas","You I Want (Radio Edit) - Single","Rock","Download"
324,"Jessi Colter","The Music Inside_ A Collaboration Dedicated To Waylon Jennings, Volume II","Country","CD"
325,"Jessi Colter & Sunny Sweeney","The Music Inside - A Collaboration Dedicated to Waylon Jennings, Vol. 1","Country","CD"
326,"Jewel","The Music Inside_ A Collaboration Dedicated To Waylon Jennings, Volume II","Country","CD"
327,"Jim Croce","Photographs & Memories_ His Greatest Hits","Rock","CD"
328,"Jim James & Calexico","I'm Not There [Disc 1]","Folk","CD"
329,"Jimi Hendrix","Are You Experienced_","Rock","CD"
330,"Jimi Hendrix","Rainbow Bridge","Rock","Vinyl"
331,"Jimi Hendrix","South Saturn Delta","Rock","Vinyl"
332,"Jimmy Buffet","Changes In Latitudes-Havana Day Dreamin","Country","Vinyl"
333,"Jimmy Buffet","Livign And Dying In Three Quarter Time","Country","Vinyl"
334,"Jimmy Buffet","Son Of A Sailor","Country","Vinyl"
335,"Jimmy Witherspoon","Live At the 1972 Monterey Jazz Festival (feat. Robben Ford)","Rock","Download"
336,"Jimmy Witherspoon","The Best Of Jimmy Witherspoon","Rock","Vinyl"
337,"Joan Baez","1st 10 years","Folk","Vinyl"
338,"Joan Baez","Any Day  Now","Folk","Vinyl"
339,"Joan Baez","Blessed Are","Folk","Vinyl"
340,"Joan Baez","Farewell, Angelina","Folk","Vinyl"
341,"Joan Baez","Gulf Winds(8_29_2004 1_30_11 PM)","Folk","Vinyl"
342,"Joan Baez","Noel","Folk","Vinyl"
343,"Joe Cocker","I Can Stand A Little Rain","Rock","Vinyl"
344,"Joe Cocker","Joe Cocker's Greatest Hits","Rock","Vinyl"
345,"Joe Cocker","You Are So Beautiful","Rock","Vinyl"
346,"Joe Henderson","The Elements","Rock","Download"
347,"Joe Louis Walker","J.L.W_","Rock","CD"
348,"Joe Walsh","Joe Walsh's Greatest Hits_ Little Did He Know.._","Rock","Download"
349,"John Coltrane","Blue Train [Expanded Edition]","Jazz","CD"
350,"John Coltrane","Coltrane Live At the Village Vangard Again!","Jazz","Vinyl"
351,"John Coltrane","Coltrane Live at the Village Vangaurd Again!","Jazz","Vinyl"
352,"John Coltrane","Coltrane_Prestige 7105","Jazz","Vinyl"
353,"John Coltrane","Giant Steps","Jazz","Vinyl"
354,"John Coltrane","Jazz Manifesto","Jazz","Vinyl"
355,"John Coltrane","John Coltrane His Greatest Years","Jazz","Vinyl"
356,"John Coltrane","Live in Seattle [Disc 1]","Jazz","CD"
357,"John Coltrane","Live In Seattle [Disc 2]","Jazz","CD"
358,"John Coltrane","My Favorite Things","Jazz","Vinyl"
359,"John Coltrane & Johnny Hartman","John Coltrane & Johnny Hartman","Jazz","Vinyl"
360,"John Coltrane and Johnny Hartman","John Coltrane and Johnny Hartman","Jazz","Vinyl"
361,"John Doe","I'm Not There [Disc 1]","Folk","CD"
362,"John Doe","I'm Not There [Disc 2]","Folk","CD"
363,"John Fahey","The Best of John Fahey 1959-1977 (Remastered)","Rock","Download"
364,"John Fahey & His Orchestra","Of Rivers and Religion _ After the Ball","Rock","Download"
365,"John Hiatt","The Music Inside - A Collaboration Dedicated to Waylon Jennings, Vol. 1","Country","CD"
366,"John Lee Hooker","Live at the Café au-Go-Go (and Soledad Prison)","Rock","Download"
367,"John Lee Hooker","Urban Blues (Bonus Track Version)","Rock","Download"
368,"John Lennon","Imagine","Rock","Vinyl"
369,"John Lennon","Lennon Legend The Very Best of John Lennon","Rock","CD"
370,"John Lennon","Rock 'N' Roll","Rock","Vinyl"
371,"John Lennon","Working Class Hero The Definitive Lennon","Rock","Download"
372,"John Lennon & The Plastic Ono Band","4_ John Paul George Ringo - EP","Rock","Download"
373,"John Mayall","Back to the Roots Disc 1","Blues","CD"
374,"John Mayall","Back to the Roots Disc 2","Blues","CD"
375,"John Mayall","Drivin' On_ The ABC Years (1975-1982) Disc 1","Blues","CD"
376,"John Mayall","Drivin' On_ The ABC Years (1975-1982) Disc 2","Blues","CD"
377,"John Mayall & The Bluesbreakers","In the Palace of the King (A Tribute to Freddie King)","Blues","Download"
378,"John Mayall & The Bluesbreakers","Padlock On The Blues","Blues","Download"
379,"John Prine","In Spite of Ourselves","Folk","CD"
380,"John Prine","John Prine","Folk","CD"
381,"John Prine","Lost Dogs and Mixed Blessings","Folk","CD"
382,"Johnny Cash","Classic Country Hits of the 1960s with Songs","Country","Download"
383,"Johnny Cash","Sunday Morning Coming Down","Country","Vinyl"
384,"Johnny Mathis","Merry Christmas","Holiday","Download"
385,"Johnny Nash","Radio Hits of the '70s","Rock","Download"
386,"Johnny Rivers","Greatest Hits Johnny Rivers","Rock","Download"
387,"Johnny Rivers","Johnny Rivers_ Greatest Hits","Rock","Download"
388,"Johnny Winter","2nd Winter","Blues","Vinyl"
389,"Johnny Winter","I'm a Bluesman","Blues","CD"
390,"Johnny Winter","Roots","Blues","CD"
391,"Johnny Winter","Step Back","Blues","CD"
392,"Johnny Winter","Still Alive and Well","Blues","CD"
393,"Johnny Winter","The Best of Johnny Winter","Blues","CD"
394,"Johnny Winter","The Progressive Blues Experiment","Blues","CD"
395,"Jose Luis Encinas","Gypsy Soul_ New Flamenco","Pop","CD"
396,"José Feliciano","Feliz Navidad","Holiday","Vinyl"
397,"José Feliciano","Fireworks","Rock","Download"
398,"Josh Rouse","El Turista (Bonus Track Version)","Pop","Download"
399,"Josh Thompson","The Music Inside_ A Collaboration Dedicated To Waylon Jennings, Volume II","Country","CD"
400,"Journey","Journey_ Greatest Hits","Rock","Download"
401,"Judy Collins","Judy Collins","Folk","Vinyl"
402,"Julio Iglesias","Tango","Classic","Download"
403,"Junip","Fields","Pop","Download"
404,"Justin Moore","The Music Inside_ A Collaboration Dedicated To Waylon Jennings, Volume II","Country","CD"
405,"k.d. lang and the Siss Boom Bang","A Sleep With No Dreaming - Single","Pop","Download"
406,"Kansas","Point of Know Return","Rock","Download"
407,"Kansas","The Best of Kansas","Rock","Download"
408,"Kansas","Vinyl Confessions","Rock","Download"
409,"Karen O & The Million Dollar Bashers","I'm Not There [Disc 1]","Folk","CD"
410,"Keith Jarrett","La Scala","Jazz","CD"
411,"Keith Jarrett","Solo Concerts_ Bremen [Live]","Jazz","CD"
412,"Keith Jarrett","Solo Concerts_ Lausanne [Disc 2]","Jazz","CD"
413,"Keith Jarrett","Vienna Concert [Live]","Jazz","CD"
414,"Kris Kristofferson","Delta Lady _ The Anthology","Country","CD"
415,"Kris Kristofferson","Kristofferson","Country","CD"
416,"Kris Kristofferson","Silver Tongued Devil And I","Country","Vinyl"
417,"Kris Kristofferson & Patty Griffin","The Music Inside - A Collaboration Dedicated to Waylon Jennings, Vol. 1","Country","CD"
418,"Kris Kristofferson & Rita Coolidge","Delta Lady_ The Rita Coolidge Anthology [Disc 2]","Country","CD"
419,"LaVern Baker","The Departed","Folk","CD"
420,"Led Zeppelin","Mothership (Remastered)","Rock","Download"
421,"Led Zeppelin","Physical Graffiti (Remastered)","Rock","Download"
422,"Led Zeppelin","The Song Remains the Same Disc 1","Rock","CD"
423,"Led Zeppelin","The Song Remains the Same Disc 2","Rock","CD"
424,"Leo Kottke","Leo Kottke-John Fahey-Peter Lang","Pop","Vinyl"
425,"Les McCann","Live At Montreux","Jazz","Download"
426,"Lesley Gore","It's My Party_ The Mercury Anthology","Rock","Download"
427,"Less McCann and Eddie Harris","Swiss Movement","Jazz","Vinyl"
428,"Lester Young","Mean To Me","Jazz","Vinyl"
429,"Linda Ronstadt","Don't Cry Now","Country","CD"
430,"Linda Ronstadt","Heart Like A Wheel","Country","Vinyl"
431,"Linda Ronstadt","Simple Dreams","Country","CD"
432,"Little Dragon","Ritual Union","Rock","Download"
433,"Little Eva","The Loco-Motion","Rock","Download"
434,"Little Richard","The Georgia Peach","Rock","Download"
435,"Little River Band","Rearranged","Rock","Download"
436,"Lloyd Price","50's Rock","Rock","Tape"
437,"Loggins And Messina","Loggins And Messina","Rock","Download"
438,"Loreena McKennitt","A Midwinter Night's Dream","Holiday","CD"
439,"Lori McKenna","Bittertown","Rock","Download"
440,"Los Bravos","Los Bravos Single","Rock","Vinyl"
441,"Los Lobos","I'm Not There [Disc 1]","TexMex","CD"
442,"Los Lobos","La Bamba (Original Motion Picture Soundtrack)","TexMex","Download"
443,"Los Lobos","Los Lobos_ Live at the Fillmore","TexMex","Download"
444,"Los Lobos","Masked And Anonymous","TexMex","CD"
445,"Lou Reed","Transformer","Rock","Download"
446,"Lovin Spoonful","Lovin Spoonful Anthology","Rock","CD"
447,"Lynyrd Skynyrd","Gimme Back My Bullets","Country","Vinyl"
448,"Lynyrd Skynyrd","One From The Road","Country","Vinyl"
449,"Madeleine Peyroux","The Blue Room","Pop","Download"
450,"Magokoro Brothers","Masked And Anonymous","Folk","CD"
451,"Mannheim Steamroller","Christmas","Holiday","CD"
452,"Marcus Carl Franklin","I'm Not There [Disc 2]","Folk","CD"
453,"Mark Knopfler","Golden Heart","Rock","Download"
454,"Mark Knopfler","Sailing To Philadelphia","Rock","Download"
455,"Mark Knopfler","The Ragpicker's Dream","Rock","Download"
456,"Mark Knopfler & Emmylou Harris","This Is Us","Rock","Download"
457,"Mark Knopfler_Emmylou Harris","All the Road Running","Rock","Download"
458,"Mark Lanegan","I'm Not There [Disc 1]","Folk","CD"
459,"Mark Lanegan","More Oar_ A Tribute to the Skip Spence Album","Rock","Download"
460,"Mark Lindsey, Paul Revere & The Raiders","20th Century Rocks_ 60's Rock Bands - Wild Thing (Re-Recorded Versions)","Rock","Download"
461,"Mark O'Connor","Heroes","Jazz","CD"
462,"Mark O'Connor","Liberty","Jazz","CD"
463,"Mark O'Connor","Midnight on the Water","Jazz","CD"
464,"Mark O'Connor","Retrospective","Jazz","CD"
465,"Mark O'Connor","The New Nashville Cats","Jazz","CD"
466,"Martha Reeves & The Vandellas","The Ultimate Collection_ Martha Reeves & The Vandellas","Rock","Download"
467,"Marty Robbins","Gunfighter Ballads and Trail Songs","Country","Download"
468,"Marty Robbins","Marty Robbins' All-Time Greatest Hits","Country","Download"
469,"Marty Robbins","Marty Robbins_ More Greatest Hits","Country","Download"
470,"Marty Robbins","The Essential Marty Robbins (1951-1982)","Country","Download"
471,"Marvin Gaye","Marvin Gaye's Greatest Hits","Soul","Download"
472,"Marvin Gaye","Marvin Gaye_ Gold","Soul","Download"
473,"Mason Jennings","I'm Not There [Disc 1]","Folk","CD"
474,"Mason Jennings","I'm Not There [Disc 2]","Folk","CD"
475,"Mason Williams","Music - 1968-1971","Rock","Download"
476,"Matt Nathanson","Faster - Single","Rock","Download"
477,"Mavis Staples","You Are Not Alone - Single","Rock","Download"
478,"Men At Work","Driving Music","Rock","Tape"
479,"Michael Brecker","City Scape","Jazz","Vinyl"
480,"Michael Brecker","CityScape","Jazz","Vinyl"
481,"Michael Brecker","Michael Brecker","Jazz","Vinyl"
482,"Michael Martin Murphey","Cowboy Songs 3","Country","CD"
483,"Micheal Brecker","Cityscape","Jazz","Vinyl"
484,"Miguel De La Bastide","Gypsy Soul_ New Flamenco","Pop","CD"
485,"Miles Band Davis_Sonny Rollins","Mambo Bounce","Jazz","CD"
486,"Miles Davis","Birth of the Cool","Jazz","Vinyl"
487,"Miles Davis","Bitches Brew Disc 1","Jazz","Vinyl"
488,"Miles Davis","Bitches Brew Disc 2","Jazz","Vinyl"
489,"Miles Davis","Classic Ballads","Jazz","Vinyl"
490,"Miles Davis","Filles De Kilimanjaro","Jazz","Vinyl"
491,"Miles Davis","Kind Of Blue","Jazz","Vinyl"
492,"Miles Davis","Milestones","Jazz","Vinyl"
493,"Miles Davis","Workin' With The Miles Davis Quintet","Jazz","Vinyl"
494,"Miles Davis Quintet","Workin' With The Miles Davis Quintet","Jazz","Vinyl"
495,"Miles Davis Sextet_Sonny Rollins","Mambo Bounce","Jazz","CD"
496,"Miles Davis_Sonny Rollins","Mambo Bounce","Jazz","CD"
497,"Mira Billotte","I'm Not There [Disc 2]","Folk","CD"
498,"Mitch Ryder & The Detroit Wheels","The Best of Mitch Ryder & the Detroit Wheels","Rock","Download"
499,"Monsters Of Folk","Monsters Of Folk","Folk","CD"
500,"Montgomery Gentry","The Music Inside_ A Collaboration Dedicated To Waylon Jennings, Volume II","Country","CD"
501,"Moody Blues","Days Of Future Passed","Rock","Vinyl"
502,"Moody Blues","In Search Of the Lost Chord","Rock","Vinyl"
503,"Moody Blues","To Our Children's Children's Children","Rock","Vinyl"
504,"Mountain Heart","Road That Never Ends_ The Live Album","BlueGrass","CD"
505,"Muddy Waters","Authorized Bootleg - Fillmore Auditorium, San Francisco Nov. 4-6 1966","Blues","Download"
506,"Muddy Waters","Hard Again","Blues","Download"
507,"Mungo Jerry","The Sunshine Collection","Rock","Download"
508,"Mungo Jerry","The Very Best of Mungo Jerry","Rock","Download"
509,"Nashville Teens","20th Century Rocks_ 60's Rock Bands - Wild Thing (Re-Recorded Versions)","Rock","Download"
510,"Nashville Teens","Love Is The Answer","Rock","Download"
511,"Nat _King_ Cole","The Christmas Song","Holiday","Download"
512,"Neil Sedaka","Love Songs_ Neil Sedaka","Rock","Download"
513,"Neko Case","Blacklisted","Country","CD"
514,"Neko Case","Furnace Room Lullaby","Country","CD"
515,"Neko Case","Middle Cyclone","Country","CD"
516,"New Riders of the Purple Sage","Boston Music Hall - December 5, 1972","Rock","Download"
517,"New Riders of the Purple Sage","New Riders of the Purple Sage","Rock","Download"
518,"New Riders of the Purple Sage","The Adventures of Panama Red","Rock","Download"
519,"New Riders of the Purple Sage","The Best of New Riders of the Purple Sage","Rock","Download"
520,"Nine Black Alps","Everything Is","Rock","Download"
521,"Nirvana","Incesticide","Rock","CD"
522,"Nitty Gritty Dirt Band","Dirt Siver Gold","Rock","Download"
523,"Noam Chomsky","On State Sponsored Terrorism","Talk","Download"
524,"Norah Jones","Come Away With Me","Rock","CD"
525,"North Mississippi Allstars","51 Phantom","Rock","Download"
526,"North Mississippi Allstars","Shake Hands With Shorty","Rock","Download"
527,"Oliver Kane","Shamrock Melodies","Classic","Download"
528,"Olivia Newton-John","Olivia Newton-John","Rock","Download"
529,"Oscar Lopez","Gypsy Soul_ New Flamenco","Pop","CD"
530,"Oscar Peterson","Night Train","Rock","Download"
531,"Ottmar Liebert","Gypsy Soul_ New Flamenco","Pop","CD"
532,"Ottmar Liebert","Leaning into the Night","Pop","CD"
533,"Ottmar Liebert","Solo Para Ti","Pop","CD"
534,"Ottmar Liebert","Surrender 2 Love_ The Best of Ottmar Liebert, Vol. 2","Pop","CD"
535,"Ottmar Liebert_Luna Negra","Euphoria","Pop","CD"
536,"Paco De Lucía","Gypsy Soul_ New Flamenco","Pop","CD"
537,"Parts & Labor","Constant Future","Pop","Download"
538,"Pat Green","The Music Inside_ A Collaboration Dedicated To Waylon Jennings, Volume II","Country","CD"
539,"Pat Metheny","80_81","Jazz","Vinyl"
540,"Pat Metheny","One Quiet Night","Jazz","CD"
541,"Pat Metheny Group","American Garage","Jazz","Vinyl"
542,"Pat Metheny Trio","Trio Live Disc 1","Jazz","CD"
543,"Pat Metheny Trio","Trio Live Disc 2","Jazz","CD"
544,"Patsy Cline","Patsy Cline's Greatest Hits (Remastered)","Country","CD"
545,"Patsy Cline","The Departed","Folk","CD"
546,"Patti Smith","Easter","Rock","CD"
547,"Patti Smith","Gone Again","Rock","CD"
548,"Patti Smith","Gung Ho","Rock","CD"
549,"Patti Smith","Radio Ethiopia","Rock","Vinyl"
550,"Patti Smith","Trampin'","Rock","CD"
551,"Patti Smith","Twelve","Rock","CD"
552,"Paul McCartney & Wings","Band on the Run","Rock","CD"
553,"Paul Simon","The Afterlife - Single","Rock","Download"
554,"Pádraig MacMathúna","Hives Of Honeyed Sound (Blas Na Meala)","Pop","Download"
555,"Percy Sledge","More Solid Gold 60s Volume 2","Rock","Download"
556,"Pete Seeger & Arlo Guthrie","Pete Seeger & Arlo Guthrie - Together In Concert","Folk","Vinyl"
557,"Pete Townshend & Ronnie Lane","Rough Mix","Rock","Vinyl"
558,"Peter Bjorn and John","Eyes - Single","Rock","Download"
559,"Peter Paul and Mary","See What Tomorrow Brings","Folk","Download"
560,"Peter, Paul & Mary","See What Tomorrow Brings","Rock","Download"
561,"Peter, Paul & Mary","See What Tomorrow Brings 2","Rock","Download"
562,"Peter, Paul & Mary","The Very Best of Peter, Paul and Mary","Rock","Download"
563,"Philip Selway","By Some Miracle - Single","Rock","Download"
564,"Pink Floyd","Dark Side of the Moon","Rock","Download"
565,"Pink Floyd","The Wall [Disc 1]","Rock","Download"
566,"Pink Floyd","The Wall [Disc 2]","Rock","Download"
567,"Playing for Change","Redemption Song - Single","Rock","Download"
568,"Polecat","Fire On The Hill","Rock","Download"
569,"Prairie Flyer","Just an Old Dog","Rock","Download"
570,"Prince","Purple Rain","Rock","Download"
571,"Procol Harum","Live At the Union Chapel","Rock","Download"
572,"Procol Harum","Procol Harum Greatest Hits","Rock","Download"
573,"Queen","Classic Queen","Rock","Download"
574,"Queen","Queen_ Greatest Hits","Rock","Download"
575,"R.E.M_","In Time - The Best of R.E.M. 1988-2003","Rock","Download"
576,"R.E.M_","Oh My Heart - Single","Rock","Download"
577,"R.L. Burnside","Mississippi Hill Country Blues","Rock","Download"
578,"Ramblin' Jack Elliott","I'm Not There [Disc 2]","Folk","CD"
579,"Randy Houser","The Music Inside - A Collaboration Dedicated to Waylon Jennings, Vol. 1","Country","CD"
580,"Ravel","Ravel_ Bolero","Rock","Download"
581,"Redbird","Redbird","Rock","Download"
582,"Reflejo de Luna","The Tango Club Night, Vol. 2","Rock","Download"
583,"Richard Wagner","Wagner Through the Ages","Rock","Download"
584,"Richie Havens","Grace of the Sun","Rock","Download"
585,"Richie Havens","I'm Not There [Disc 1]","Folk","CD"
586,"Richie Havens","Live At the Cellar Door and At the Santa Monica Civic Auditorium","Rock","Download"
587,"Richie Havens","Nobody Left to Crown","Rock","Download"
588,"Ricketic","Steelers Wheel - Stuck in the Middle (Ricketic Edit) - Single","Rock","Download"
589,"Ringo Starr","4_ John Paul George Ringo - EP","Rock","Download"
590,"Ringo Starr","Photograph_ The Digital Greatest Hits","Rock","Download"
591,"Rita Coolidge","Delta Lady _ The Anthology","Country","CD"
592,"Rita Coolidge","Delta Lady_ The Rita Coolidge Anthology [Disc 2]","Country","CD"
593,"Rita Coolidge","Live At The Fillmore East_1970","Country","CD"
594,"Rita Coolidge & Rupert Holmes","Delta Lady_ The Rita Coolidge Anthology [Disc 2]","Country","CD"
595,"Ritchie Valens","50's Rock","Rock","Tape"
596,"Ritchie Valens","La Bamba","Rock","Download"
597,"Robert Plant","Angel Dance - Single","Rock","Download"
598,"Robert Plant & Alison Krauss","Raising Sand","Rock","Download"
599,"Roberta Flack","Killing Me Softly","Rock","Download"
600,"Roberta Flack & Donny Hathaway","Roberta Flack & Donny Hathaway","Rock","Download"
601,"Rod Stewart","Driving Music","Rock","Tape"
602,"Rodriguez","Cold Fact (Bonus Track Version)","Rock","Download"
603,"Rodriguez","Coming from Reality (Bonus Track Version)","Rock","Download"
604,"Roger McGuinn & Calexico","I'm Not There [Disc 1]","Folk","CD"
605,"Roy Buchanan","The Departed","Folk","CD"
606,"Roy Orbison","For the Lonely_ 18 Greatest Hits","Rock","Download"
607,"Ruben Romero","Gypsy Soul_ New Flamenco","Pop","CD"
608,"S. Carey","All We Grow (Bonus Track Version)","Rock","Download"
609,"Sam the Sham & The Pharaohs","20th Century Rocks_ 60's Rock Bands - Wild Thing (Re-Recorded Versions)","Rock","Download"
610,"Santana","Abraxas","Rock","Vinyl"
611,"Santana","All That I Am","Rock","CD"
612,"Santana","Corazón (Deluxe Version)","Rock","CD"
613,"Santana","Supernatural","Rock","CD"
614,"Santo And Johnny","50's Rock","Rock","Tape"
615,"Sarah Jarosz","Follow Me Down","Rock","Download"
616,"Sarah Jarosz","Song Up In Her Head","Rock","Download"
617,"Sarah McLachlan","Wintersong","Rock","Download"
618,"Savoy Brown","A Step Further","Rock","Download"
619,"Savoy Brown","Hellbound Train","Rock","Download"
620,"Savoy Brown","Looking In","Rock","Download"
621,"Savoy Brown","The Savoy Brown Collection - Featuring Kim Simmonds","Rock","Download"
622,"Savoy Brown","Unknown Album","Rock","Download"
623,"Say Hi","Um, Uh Oh (Bonus Track Version)","Rock","Download"
624,"Sertab","Masked And Anonymous","Folk","CD"
625,"Shirley Caesar","Masked And Anonymous","Folk","CD"
626,"Shooter Jennings","The Music Inside - A Collaboration Dedicated to Waylon Jennings, Vol. 1","Country","CD"
627,"Simon & Garfunkel","Bridge Over Troubled Water","Rock","Vinyl"
628,"Simon & Garfunkel","Greatest Hits Simon & Garfunkel","Rock","CD"
629,"Slash","Gypsy Soul_ New Flamenco","Pop","CD"
630,"Small Faces","The Immediate Years (Disc Two)","Rock","Download"
631,"Sonic Youth","I'm Not There [Disc 1]","Folk","CD"
632,"Sonny & Cher","The Beat Goes On_ The Best Of Sonny & Cher","Rock","CD"
633,"Sonny Rollins","Easy Living","Rock","Download"
634,"Sonny Rollins","Global Warming","Rock","Download"
635,"Sonny Rollins","Mambo Bounce","Jazz","CD"
636,"Sonny Rollins","This Is What I Do","Rock","Download"
637,"Sophie Zelmani","Masked And Anonymous","Folk","CD"
638,"Stanley Turrentine","Blue Note Stanley Turrentine Quintet_Sextet Studio Sessions","Rock","Download"
639,"Stealers Wheel","Stuck In The Middle With You (Re-Recorded _ Remastered)","Rock","Download"
640,"Steely Dan","A Decade of Steely Dan (Remastered)","Rock","Download"
641,"Steely Dan","Everything Must Go","Rock","Download"
642,"Stephen Malkmus & Lee Ranaldo","I'm Not There [Disc 2]","Folk","CD"
643,"Stephen Malkmus & The Million Dollar Bashers","I'm Not There [Disc 1]","Folk","CD"
644,"Stephen Malkmus & The Million Dollar Bashers","I'm Not There [Disc 2]","Folk","CD"
645,"Steppenwolf","Best of Steppenwolf_ 20th Century Masters","Rock","Download"
646,"Steve Goodman","Jessies Jig-Words We Can Dance To","Rock","Download"
647,"Steve Goodman","Steve Goodman","Rock","Download"
648,"Steve Miller Band","Greatest Hits_ 1974-1978","Rock","Download"
649,"Stevie Ray Vaughan","Martin Scorsese Presents_ Stevie Ray Vaughan","Blues","Download"
650,"Stevie Ray Vaughan & Double Trouble","Stevie Ray Vaughan & Double Trouble_ Live At Carnegie Hall","Blues","Download"
651,"Stevie Ray Vaughan & Double Trouble","Texas Flood","Blues","Download"
652,"Stevie Ray Vaughan & Double Trouble","The Real Deal_ Greatest Hits, Vol. 1","Blues","Download"
653,"Sting & The Police","The Very Best of Sting & The Police","Rock","Download"
654,"Strawberry Alarm Clock","Incense & Peppermints","Rock","Download"
655,"Stray Birds","The Stray Birds","Country","CD"
656,"Stray Cats","Built For Speed","Rock","CD"
657,"Strunz & Farah","Gypsy Soul_ New Flamenco","Pop","CD"
658,"Styx","Come Sail Away - The Styx Anthology","Rock","Download"
659,"Styx","Styx_ Greatest Hits","Rock","Download"
660,"Sufjan Stevens","I'm Not There [Disc 2]","Folk","CD"
661,"T. Rex","Electric Warrior (Remastered)","Rock","Download"
662,"Talking Heads","True Stories","Rock","Vinyl"
663,"Telekinesis","12 Desperate Straight Lines","Rock","Download"
664,"Ten Years After","A Space In Time","Rock","Download"
665,"Ten Years After","Recorded Live","Rock","Download"
666,"Ten Years After","Undead (Remastered) [Live]","Rock","Download"
667,"Terry Bozzio, Tony Levin & Steve Stevens","Gypsy Soul_ New Flamenco","Pop","CD"
668,"Texas Tornados","Live from Austin, TX_ Texas Tornados","TexMex","Download"
669,"Texas Tornados","Zone of Our Own","TexMex","Download"
670,"The Airborne Toxic Event","Half Of Something Else - Single","Rock","Download"
671,"The Allman Brothers Band","Beginnings","Rock","Vinyl"
672,"The Allman Brothers Band","Brothers And Sisters","Rock","Vinyl"
673,"The Allman Brothers Band","Eat A Peach","Rock","Vinyl"
674,"The Allman Brothers Band","Fillmore East","Rock","Vinyl"
675,"The Allman Brothers Band","The Departed","Rock","CD"
676,"The American Breed","20th Century Rocks_ 60's Rock Bands - Wild Thing (Re-Recorded Versions)","Rock","Download"
677,"The Animals","The Animals Original Hits","Rock","CD"
678,"The Animals","The Best of Eric Burdon and the Animals (1966-1968)","Rock","Download"
679,"The Association","20th Century Rocks_ 60's Rock Bands - Wild Thing (Re-Recorded Versions)","Rock","Download"
680,"The Band","Greatest Hits [Remastered] [UK]","Rock","Download"
681,"The Band","The Departed","Folk","CD"
682,"The Band","The Last Waltz [2003 Remaster] Disc 1","Rock","CD"
683,"The Band","The Last Waltz [2003 Remaster] Disc 2","Rock","CD"
684,"The Beach Boys","The Beach Boys 20 Golden Greats","Rock","Vinyl"
685,"The Beach Boys","The Departed","Folk","CD"
686,"The Beatles","Abbey Road","Rock","CD"
687,"The Beatles","Beatles 62-66","Rock","Vinyl"
688,"The Beatles","Beatles Again(Hey Jude)","Rock","Vinyl"
689,"The Beatles","Beatles For Sale","Rock","Vinyl"
690,"The Beatles","Beatles IV","Rock","Vinyl"
691,"The Beatles","Beatles' Second Album","Rock","Vinyl"
692,"The Beatles","Beatles'65","Rock","Vinyl"
693,"The Beatles","Hard Days Night","Rock","Vinyl"
694,"The Beatles","Help","Rock","Vinyl"
695,"The Beatles","Let It Be","Rock","Download"
696,"The Beatles","Magical Mystery Tour","Rock","Vinyl"
697,"The Beatles","Meet The Beatles","Rock","Vinyl"
698,"The Beatles","Rubber Soul","Rock","Vinyl"
699,"The Beatles","Rubber Soul (North American)","Rock","Vinyl"
700,"The Beatles","Sgt Peppers Lonely Hearts Club Band","Rock","Vinyl"
701,"The Beatles","Something New","Rock","Vinyl"
702,"The Beatles","The Beatles ‎– Songs, Pictures And Stories Of The Fabulous","Rock","Vinyl"
703,"The Beatles","White Album","Rock","Vinyl"
704,"The Beatles","Yesterday and Today","Rock","Vinyl"
705,"The Beau Brummels","20th Century Rocks_ 60's Rock Bands - Wild Thing (Re-Recorded Versions)","Rock","Download"
706,"The Belle Brigade","Where Not to Look for Freedom - Single","Rock","Download"
707,"The Black Keys","I'm Not There [Disc 2]","Folk","CD"
708,"The Box Tops","20th Century Rocks_ 60's Rock Bands - Wild Thing (Re-Recorded Versions)","Rock","Download"
709,"The Box Tops","Tear Off!","Rock","Download"
710,"The Box Tops","The Letter _ Neon Rainbow","Rock","Download"
711,"The Buckinghams","20th Century Rocks_ 60's Rock Bands - Wild Thing (Re-Recorded Versions)","Rock","Download"
712,"The Byrds","Super Hits The Byrds","Rock","Download"
713,"The Cars","Complete Greatest Hits","Rock","Download"
714,"The Castaways","20th Century Rocks_ 60's Rock Bands - Wild Thing (Re-Recorded Versions)","Rock","Download"
715,"The Charlie Daniels Band","Charlie Daniels Band A Decade Of Hits","Rock","Download"
716,"The Charlie Daniels Band","Nightrider","Rock","Vinyl"
717,"The Charlie Daniels Band","The Essential Charlie Daniels Band","Rock","Download"
718,"The Chi-Lites","The Chi-Lites_ 20 Greatest Hits","Rock","Download"
719,"The Chieftains","Down The Old Plank Road_ The Nashville Sessions","BlueGrass","CD"
720,"The Chieftains","The Bells Of Dublin","Pop","CD"
721,"The Coats","The Boys Are Back","Pop","CD"
722,"The Coats","The Coats Collection","Pop","CD"
723,"The Dave Clark Five","The Dave Clark Five_ The Hits (Bonus Track Version)","Rock","Download"
724,"The Diamonds","The Best of the Diamonds_ The Mercury Years","Rock","Download"
725,"The Doors","Best of the Doors","Rock","Vinyl"
726,"The Doors","The Doors","Rock","Download"
727,"The Doors","The Future Starts Here_ The Essential Doors Hits","Rock","Download"
728,"The Doors","The Very Best of the Doors","Rock","Download"
729,"The Drifters","The Essentials_ The Drifters","Rock","Download"
730,"The Drifters","Under the Boardwalk","Rock","Download"
731,"The Eagles","Eagles","Rock","Download"
732,"The Eagles","Hell Freezes Over","Rock","CD"
733,"The Eagles","Hotel California","Rock","Download"
734,"The Eagles","Long Road Out Of Eden [Disc 1]","Rock","Download"
735,"The Eagles","Long Road Out Of Eden [Disc 2]","Rock","Download"
736,"The Eagles","One of These Nights","Rock","Download"
737,"The Electric Prunes","I Had Too Much to Dream","Rock","Download"
738,"The Everly Brothers","Cadence Classics_ Their 20 Greatest Hits","Rock","Download"
739,"The Five Americans","20th Century Rocks_ 60's Rock Bands - Wild Thing (Re-Recorded Versions)","Rock","Download"
740,"The Fraternity of Man","Easy Rider (Soundtrack from the Motion Picture) [Deluxe Edition]","Rock","Download"
741,"The Gentrys","20th Century Rocks_ 60's Rock Bands - Wild Thing (Re-Recorded Versions)","Rock","Download"
742,"The Grass Roots","20th Century Rocks_ 60's Rock Bands - Wild Thing (Re-Recorded Versions)","Rock","Download"
743,"The Grateful Dead","American Beauty","Rock","CD"
744,"The Grateful Dead","Masked And Anonymous","Folk","CD"
745,"The Grateful Dead","The Grateful Dead (Skull & Roses)","Rock","Download"
746,"The Grateful Dead","Two from the Vault Disc 1","Rock","CD"
747,"The Grateful Dead","Two from the Vault Disc 2","Rock","CD"
748,"The Grateful Dead","What A Long Strange Trip","Rock","Download"
749,"The Guess Who","20th Century Rocks_ 60's Rock Bands - Wild Thing (Re-Recorded Versions)","Rock","Download"
750,"The Guess Who","American Woman","Rock","CD"
751,"The Guess Who","Rockin Guess Who","Rock","Vinyl"
752,"The Guess Who","Shakin' All Over","Rock","Download"
753,"The Guess Who","The Guess Who_ Greatest Hits","Rock","Download"
754,"The Handsome Family","Scattered","Rock","Download"
755,"The Handsome Family","Singing Bones","Rock","Download"
756,"The Hold Steady","I'm Not There [Disc 2]","Folk","CD"
757,"The Hollies","The Hollies' Greatest Hits","Rock","Download"
758,"The Human Beinz","The Departed","Folk","CD"
759,"The Jazz Crusaders","Crusaders 1","Jazz","Vinyl"
760,"The Jazz Crusaders","Free As The Wind","Jazz","Vinyl"
761,"The Jazz Crusaders","Live at the Lighthouse '66","Jazz","Download"
762,"The Jazz Crusaders","Southern Comfort","Jazz","Vinyl"
763,"The Jazz Crusaders","The Best of the Jazz Crusaders","Jazz","Vinyl"
764,"The Jazz Crusaders","The Best Of The Jazz Crusaders 1961 - 1965","Jazz","Download"
765,"The Kingsmen","The Best of the Kingsmen","Rock","Download"
766,"The Kingston Trio","Absolutely The Best","Rock","CD"
767,"The Kinks","Kinks","Rock","Vinyl"
768,"The Kinks","Kinks-Size","Rock","Download"
769,"The Kinks","Lola Versus Powerman And The Moneygoround, Part One","Rock","Download"
770,"The Kinks","Pirate Radio (Motion Picture Soundtrack) [Deluxe Version]","Rock","Download"
771,"The Knack","My Sharona _ Good Girls Don't (Re-Recorded) - Single","Rock","Download"
772,"The Left Banke","There's Gonna Be a Storm - The Complete Recordings 1966-1969","Rock","Download"
773,"The Mamas & The Papas","The Mamas & The Papas Greatest Hits","Rock","Download"
774,"The Mamas & The Papas","The Mamas & The Papas Greatest Hits","Rock","Download"
775,"The Marketts","20th Century Rocks_ 60's Rock Bands - Wild Thing (Re-Recorded Versions)","Rock","Download"
776,"The Marshall Tucker Band","Long Hard Ride","Rock","Download"
777,"The Marshall Tucker Band","Running With The Wind","Rock","Download"
778,"The Marshall Tucker Band","The Marshall Tucker Band_ Live On Long Island - 4-18-80","Rock","Download"
779,"The Mavericks","20th Century Masters - The Millennium Collection_ The Best of the Mavericks","TexMex","Download"
780,"The Mavericks","Rancho Loco","TexMex","Download"
781,"The Outsiders","20th Century Rocks_ 60's Rock Bands - Wild Thing (Re-Recorded Versions)","Rock","Download"
782,"The Overton Berry Trio","Live at Admiral","Jazz","Download"
783,"The Overton Berry Trio","Wheedle's Groove_ Seattle's Finest in Funk & Soul 1965-75","Jazz","Download"
784,"The Paul Butterfield Blues Band","Butterfield Blues Band Live","Blues","Vinyl"
785,"The Paul Butterfield Blues Band","East-West","Blues","Vinyl"
786,"The Paul Butterfield Blues Band","The Butterfield Blues Band Live","Blues","Vinyl"
787,"The Paul Butterfield Blues Band","The Paul Butterfield Blues Band","Blues","Vinyl"
788,"The Pointer Sisters","Breakout","Rock","Vinyl"
789,"The Police","The Police (Remastered)","Rock","Download"
790,"The Quintet","V.S.O.P","Rock","Download"
791,"The Rascals","Essentials_ The Rascals","Rock","Download"
792,"The Rascals","Time Peace_ The Rascals' Greatest Hits","Rock","Download"
793,"The Rascals & The Young Rascals","The Young Rascals","Rock","Download"
794,"The Righteous Brothers","Anthology 1962-1974 [Disc 2]","Rock","CD"
795,"The Righteous Brothers","Anthology_ 1962-1974 [Disc 1]","Rock","CD"
796,"The Rolling Stones","Singles Collection_ The London Years [Disc 1]","Rock","CD"
797,"The Rolling Stones","Singles Collection_ The London Years [Disc 2]","Rock","CD"
798,"The Rolling Stones","Singles Collection_ The London Years [Disc 3]","Rock","CD"
799,"The Rolling Stones","The Departed","Rock","CD"
800,"The Searchers","The Very Best of... The Searchers","Rock","Download"
801,"The Seeds","The Seeds","Rock","Download"
802,"The Sir Douglas Quintet","The Great Sir Douglas Quintet Live","TexMex","Download"
803,"The Spencer Davis Group","The Best of the Spencer Davis Group","Rock","Download"
804,"The Surfaris","The Sunshine Collection","Rock","Download"
805,"The Sweet","Desolation Boulevard","Rock","Download"
806,"The Tokens","The Lion Sleeps Tonight","Rock","Download"
807,"The Tom Petty_Heartbreakers","Tom Petty & the Heartbreakers (1976)","Rock","CD"
808,"The Traveling Wilburys","The Traveling Wilburys, Vol. 1","Rock","CD"
809,"The Tremeloes","20th Century Rocks_ 60's Rock Bands - Wild Thing (Re-Recorded Versions)","Rock","Download"
810,"The Tremeloes","Here Comes My Baby _ Silence Is Golden (Re-Recorded Versions) - Single","Rock","Download"
811,"The Troggs","20th Century Rocks_ 60's Rock Bands - Wild Thing (Re-Recorded Versions)","Rock","Download"
812,"The Troggs","Wild Thing","Rock","Download"
813,"The Turtles","Save The Turtles_  The Turtles Greatest Hits","Rock","Download"
814,"The Ventures","Walk Don't Run_ The Best of the Ventures","Rock","Download"
815,"The Wailin' Jennys","40 Days","Country","Download"
816,"The Wailin' Jennys","Firecracker","Country","Download"
817,"The Who","Hits","Rock","Download"
818,"The Who","The Who_ The Ultimate Collection","Rock","Download"
819,"The Who","Tommy","Rock","Vinyl"
820,"The Yardbirds","The Ultimate Collection","Rock","Download"
821,"The Young Rascals","Groovin'","Rock","Download"
822,"The Youngbloods","Get Together_ The Essential Youngbloods","Rock","Download"
823,"The Zombies","Odessey and Oracle","Rock","Download"
824,"Thelonious Monk","Criss Cross","Jazz","Vinyl"
825,"Thelonious Monk Quartet With John Coltrane","At Carnegie Hall","Jazz","CD"
826,"Them","Them Featuring Van Morrison","Rock","Download"
827,"Three Dog Night","Best Of Three Dog Night","Rock","Vinyl"
828,"Thunderclap Newman","Easy Rider (Soundtrack from the Motion Picture) [Deluxe Edition]","Rock","Download"
829,"Tim O'Brien","Cornbread Nation","Blue Grass","CD"
831,"Tina Turner","Private Dancer","Rock","Vinyl"
832,"Tom Jones","Reloaded - Greatest Hits","Rock","Download"
833,"Tom Jones","Tom Jones_ Gold (1965-1975)","Rock","Download"
834,"Tom Petty & The Heartbreakers","Southern Accents","Rock","CD"
835,"Tom Verlaine & The Million Dollar Bashers","I'm Not There [Disc 2]","Folk","CD"
836,"Tony Bennett","Snowfall - The Tony Bennett Christmas Album","Holiday","Download"
837,"Tony Burgos & His Swing Shift Orchestra","Swing Now_ East Coast","Jazz","Download"
838,"Toto","The Essential Toto","Rock","Download"
839,"Tower of Power","Back to Oakland","Rock","CD"
840,"Tower of Power","Monster on a Leash","Rock","CD"
841,"Tower of Power","The Very Best of Tower of Power_ The Warner Years","Rock","CD"
842,"Trace Adkins","The Music Inside - A Collaboration Dedicated to Waylon Jennings, Vol. 1","Country","CD"
843,"Traffic","When The Eagle Flies","Rock","Vinyl"
844,"U2","Songs of Innocence","Rock","Download"
845,"U2","U218 Singles (Deluxe Version)","Rock","Download"
846,"Uncle Earl","She Waits for Night","BlueGrass","CD"
847,"Uncle Earl","Waterloo, Tennessee","BlueGrass","CD"
848,"Union Gap","Union Gap","Rock","Vinyl"
849,"Unknown Artist","IBMA Blue Grass Sample","BlueGrass","CD"
850,"Unknown Artist","Space Odessy Sound Track","Rock","Download"
851,"Unknown Artist","Unknown Album","Rock","Download"
852,"Van Morrison","Blowin' Your Mind!","Rock","Download"
853,"Van Morrison","Moondance","Rock","Download"
854,"Van Morrison","Pay the Devil","Rock","Download"
855,"Van Morrison","The Best of Van Morrison, Vol. 3","Rock","Download"
856,"Van Morrison","The Movie Hits","Rock","Download"
857,"Van Morrison","Van Morrison - The Movie Hits","Rock","Download"
858,"Wagner","A Wagner Concert","Classic","Download"
859,"Wagner","Bernstein Conducts Wagner","Classic","Download"
860,"Walela","Walela","Folk","CD"
861,"Walt Weiskopf Nonet","Siren","Rock","Download"
862,"War","Best of War","Rock","Download"
863,"War","Platinum Jazz","Rock","Vinyl"
864,"War","The Very Best of War","Rock","Download"
865,"Waylon and Willie","Waylon and Willie","Country","Vinyl"
866,"Waylon Jennings","Honky Tonk Heroes","Country","CD"
867,"Waylon Jennings","Love Of The Common People","Country","Download"
868,"Waylon Jennings","Right For The Time","Country","Download"
869,"Waylon Jennings","The Essential Waylon Jennings","Country","Download"
870,"Waylon Jennings","The Music Inside - A Collaboration Dedicated to Waylon Jennings, Vol. 1","Country","CD"
871,"Waylon Jennings","The Music Inside_ A Collaboration Dedicated To Waylon Jennings, Volume II","Country","CD"
872,"Waylon Jennings","What Goes Around Comes Around","Country","Vinyl"
873,"Waylon Jennings & The Waylors","Early Years","Country","Download"
874,"Waylon Jennings & Willie Nelson","Waylon & Willie (Remastered)","Country","Vinyl"
875,"Wayne Fontana & The Mindbenders","20th Century Masters - The Millennium Collection_ Wayne Fontana & The Mindbenders","Rock","Download"
876,"We Are Augustines","Chapel Song - Single","Rock","Download"
877,"Weather Report","8_30 (Live)","Jazz","Download"
878,"Weather Report","Black Market","Jazz","Vinyl"
879,"Weather Report","Heavy Weather","Jazz","Vinyl"
880,"Weather Report","Mr. Gone","Jazz","Download"
881,"Weather Report","Night Passage","Jazz","Vinyl"
882,"Weather Report","Sweetnighter","Jazz","Download"
883,"Weather Report","Tale Spinnin'","Jazz","Download"
884,"White Lion","The Best Of White Lion","Rock","Download"
885,"Wilbert Harrison","50's Rock","Rock","Tape"
886,"Willie Nelson & Calexico","I'm Not There [Disc 1]","Folk","CD"
887,"Willie Nelson and Leon Russel","Willie Nelson and Leon Russel","Rock","Vinyl"
888,"Wings","4_ John Paul George Ringo - EP","Rock","Download"
889,"Wrabel","Sideways - Single","Pop","Download"
890,"Wyatt McCubbin","The Music Inside_ A Collaboration Dedicated To Waylon Jennings, Volume II","Country","CD"
891,"Wye Oak","We Were Wealth","Pop","Download"
892,"Wynton Marsalis & Eric Clapton","Wynton Marsalis & Eric Clapton Play the Blues (Live from Jazz At Lincoln Center)","Jazz","Download"
893,"Yes","The Very Best of Yes","Rock","CD"
894,"Yo La Tengo","I'm Not There [Disc 1]","Folk","CD"
895,"Yo La Tengo","I'm Not There [Disc 2]","Folk","CD"
896,"Yo-Yo Ma","Songs of Joy & Peace","Pop","Download"
897,"Zac Brown Band","Greatest Hits So Far","Country","Download"
898,"Zac Brown Band","JEKYLL + HYDE","Country","Download"
899,"Zac Brown Band","Keep Me In Mind - Single","Country","Download"
900,"ZZ Top","Eliminator","Rock","Tape"
901,"George Harrison","4 John Paul George Ringo - EP","Rock","Download"
902,"John Lennon","4 John Paul George Ringo - EP","Rock","Download"
903,"Ringo Starr","4 John Paul George Ringo - EP","Rock","Download"
904,"Wings","4 John Paul George Ringo - EP","Rock","Download"
